date,amount
2006-12-20,0.084703
2007-03-27,0.000188
2007-12-20,0.0795
2008-06-24,0.000516
2012-12-26,0.002563
2013-03-20,0.004094
2014-06-25,0.005625
2014-12-22,0.0025
2015-03-25,0.002469
2015-12-22,0.002875
2016-06-22,0.0025
2016-12-21,0.003688
2017-03-22,0.001188
2017-06-21,0.000438
2018-12-26,0.005
2019-03-20,0.007875
2019-06-25,0.005125
2019-12-24,0.00625
2020-03-25,0.001125
2022-12-22,0.0545
2023-09-20,0.088
2023-12-20,0.039
2024-03-20,0.0275
2024-06-26,0.053
2024-09-25,0.0255
2024-12-23,0.0305
2025-03-26,0.013
2025-06-25,0.062
2025-09-24,0.0205
2025-12-24,0.023
2026-03-25,0.013
2026-06-24,0.061
